<?xml version="1.0" encoding="UTF-8"?>
<beans xmlns="http://www.springframework.org/schema/beans"
	xmlns:xsi="http://www.w3.org/2001/XMLSchema-instance"
	xmlns:context="http://www.springframework.org/schema/context"
	xmlns:mvc="http://www.springframework.org/schema/mvc"
	xmlns:tx="http://www.springframework.org/schema/tx"
	xmlns:jpa="http://www.springframework.org/schema/data/jpa"
	xsi:schemaLocation="http://www.springframework.org/schema/mvc http://www.springframework.org/schema/mvc/spring-mvc-4.3.xsd
		http://www.springframework.org/schema/beans http://www.springframework.org/schema/beans/spring-beans.xsd
		http://www.springframework.org/schema/context http://www.springframework.org/schema/context/spring-context-4.3.xsd
		http://www.springframework.org/schema/data/jpa http://www.springframework.org/schema/data/jpa/spring-jpa-1.11.xsd
		http://www.springframework.org/schema/tx http://www.springframework.org/schema/tx/spring-tx-4.3.xsd">
<context:component-scan
		base-package="com.cg.*"></context:component-scan>

	<mvc:annotation-driven />

	<bean id="resolver"
		class="org.springframework.web.servlet.view.InternalResourceViewResolver">
		<property name="prefix" value="/WEB-INF/view/"></property>
		<property name="suffix" value=".jsp" />
	</bean>



	<!--LAYERED ARCHITECTURE -->
	<bean id="service" class="com.cg.service.LibraryService">
	 <constructor-arg ref="dao"></constructor-arg>
		<!-- <property name="dao" ref="dao"></property>  -->
	</bean>
	<bean id="dao" class="com.cg.dao.LibraryDao" />
	

	<!--DATA SOURCE -->
	<bean id="ds"
		class="org.springframework.jdbc.datasource.DriverManagerDataSource">
		<property name="driverClassName"
			value="com.mysql.jdbc.Driver" />
		<property name="url" value="jdbc:mysql://localhost:3306/library" />
		<property name="username" value="root" />
		<property name="password" value="root" />
	</bean>


	<!-- Spring Equivalent EntityManagerFactory -->
	<bean id="emf"
		class="org.springframework.orm.jpa.LocalContainerEntityManagerFactoryBean">
		<property name="dataSource" ref="ds"></property>

		<!-- HIBERNATE PROPERTIES -->
		<property name="jpaProperties">
			<props>
				<prop key="hibernate.show_sql">true</prop>
				<prop key="hibernate.hbm2ddl.auto">update</prop>
			</props>
		</property>
		<!-- Package of entity class -->
		<property name="packagesToScan" value="com.cg.*"></property>

		<!--Reference Class of EntityManager -->
		<property name="jpaVendorAdapter">
			<bean
				class="org.springframework.orm.jpa.vendor.HibernateJpaVendorAdapter" />
		</property>
	
	 </bean>
	 
	 
	 
	 <!-- SPRING EQUIVALENT OF JPA TRANSACTION MANAGER -->
		<bean id="transactionManager"
			class="org.springframework.orm.jpa.JpaTransactionManager">
			<property name="entityManagerFactory" ref="emf"></property>
		</bean>
	

	<tx:annotation-driven
		transaction-manager="transactionManager" />



</beans>
